algorithm,config_id,pop_size,max_generations,mutation_rate,inertia,c1,c2,max_archive_size,evaporation_rate,alpha,initial_pheromone,leader_method,hv_mean,hv_std,igd_mean,runtime_mean,n,rank
MOPSO,mopso_p30_g80_w04_c20_a80_sigma,30,80,,0.4,2.0,2.0,80.0,,,,sigma,489400.61525373504,341882.7577404879,566.9496563632937,0.29504502919735387,10,1
MOPSO,mopso_p30_g80_w04_c20_a40_sigma,30,80,,0.4,2.0,2.0,40.0,,,,sigma,489400.61525373504,341882.7577404879,566.9496563632937,0.29576202100433874,10,2
MOPSO,mopso_p60_g80_w04_c20_a80_sigma,60,80,,0.4,2.0,2.0,80.0,,,,sigma,469800.24610671896,389763.36256848264,535.9522651497384,0.5307854835002217,10,3
MOPSO,mopso_p60_g80_w04_c20_a40_sigma,60,80,,0.4,2.0,2.0,40.0,,,,sigma,469800.24610671896,389763.36256848264,535.9522651497384,0.5313812832988333,10,4
MOPSO,mopso_p60_g40_w04_c20_a80_sigma,60,40,,0.4,2.0,2.0,80.0,,,,sigma,456154.5986870804,310514.6190927707,716.2839112221808,0.26980777910212056,10,5
MOPSO,mopso_p60_g40_w04_c20_a40_sigma,60,40,,0.4,2.0,2.0,40.0,,,,sigma,456154.5986870804,310514.6190927707,716.2839112221808,0.26996608350164025,10,6
MOPSO,mopso_p30_g40_w04_c20_a80_sigma,30,40,,0.4,2.0,2.0,80.0,,,,sigma,429878.65522511984,360212.1256440177,785.4471143459261,0.14641218310134718,10,7
MOPSO,mopso_p30_g40_w04_c20_a40_sigma,30,40,,0.4,2.0,2.0,40.0,,,,sigma,429878.65522511984,360212.1256440177,785.4471143459261,0.14743844579788856,10,8
MOPSO,mopso_p60_g80_w04_c15_a40_sigma,60,80,,0.4,1.5,1.5,40.0,,,,sigma,407408.59516779496,394847.4847972497,408.5874470960081,0.5701099916987005,10,9
MOPSO,mopso_p60_g80_w04_c15_a80_sigma,60,80,,0.4,1.5,1.5,80.0,,,,sigma,371165.04573971237,373918.79636576865,390.23295234310325,0.5985496249995776,10,10
MOPSO,mopso_p60_g40_w04_c15_a80_sigma,60,40,,0.4,1.5,1.5,80.0,,,,sigma,364049.6088732008,288653.80027330696,663.931635303855,0.2715717460014275,10,11
MOPSO,mopso_p60_g40_w04_c15_a40_sigma,60,40,,0.4,1.5,1.5,40.0,,,,sigma,364049.6088732008,288653.80027330696,663.931635303855,0.27205462910205824,10,12
MOPSO,mopso_p30_g80_w04_c15_a80_sigma,30,80,,0.4,1.5,1.5,80.0,,,,sigma,351813.11923800164,348513.1558217588,652.3343192387634,0.3277671792006004,10,13
MOPSO,mopso_p30_g80_w04_c15_a40_sigma,30,80,,0.4,1.5,1.5,40.0,,,,sigma,338381.4726113474,336229.3808226785,639.6963977391167,0.3145174875986413,10,14
MOPSO,mopso_p30_g40_w04_c15_a80_sigma,30,40,,0.4,1.5,1.5,80.0,,,,sigma,273468.26337509253,241583.0075552338,916.6823736772398,0.14500233749859034,10,15
MOPSO,mopso_p30_g40_w04_c15_a40_sigma,30,40,,0.4,1.5,1.5,40.0,,,,sigma,273468.26337509253,241583.0075552338,916.6823736772398,0.1451415415998781,10,16
NSGA-II,nsgaii_p80_g80_m02,80,80,0.2,,,,,,,,,969653.6014697455,623681.407692957,264.09221906332704,1.3885181916004512,10,1
NSGA-II,nsgaii_p40_g80_m005,40,80,0.05,,,,,,,,,880633.3087954834,737195.2181083745,105.41442946651702,0.5074811876009335,10,2
NSGA-II,nsgaii_p80_g40_m02,80,40,0.2,,,,,,,,,827215.1866927671,475488.2370342356,373.5865594454607,0.7068849125047564,10,3
NSGA-II,nsgaii_p40_g40_m005,40,40,0.05,,,,,,,,,824247.1307205401,681890.3597867799,264.20236889775373,0.25725340839853744,10,4
NSGA-II,nsgaii_p80_g40_m01,80,40,0.1,,,,,,,,,813178.542679308,566482.8869183558,224.70295273591265,0.7135055125967483,10,5
NSGA-II,nsgaii_p80_g80_m01,80,80,0.1,,,,,,,,,811711.1490118401,541244.8090631702,126.65821353148661,1.402868729099282,10,6
NSGA-II,nsgaii_p40_g80_m02,40,80,0.2,,,,,,,,,740518.397797863,536530.8863374565,260.7759818028801,0.4967781335013569,10,7
NSGA-II,nsgaii_p80_g80_m005,80,80,0.05,,,,,,,,,678731.5201439892,514134.0350170403,80.49563063883029,1.4344039625997538,10,8
NSGA-II,nsgaii_p40_g80_m01,40,80,0.1,,,,,,,,,677053.9745619035,427407.52943884995,158.0484810160518,0.49856515010033037,10,9
NSGA-II,nsgaii_p80_g40_m005,80,40,0.05,,,,,,,,,676043.0729718322,468498.5554020179,206.17920482713498,0.731183608401625,10,10
NSGA-II,nsgaii_p40_g40_m02,40,40,0.2,,,,,,,,,674820.3018195379,399995.3961568373,464.2320075591264,0.2508314208025695,10,11
NSGA-II,nsgaii_p40_g40_m01,40,40,0.1,,,,,,,,,555954.9529737217,357971.941191615,283.5058580115741,0.25190387530310543,10,12
P-ACO,paco_p60_g40_a40_rho01_a10_t010,60,40,,,,,40.0,0.1,1.0,1.0,,459678.873439337,366113.5707731446,749.5930916570283,22.685852887501824,10,1
P-ACO,paco_p60_g40_a80_rho01_a10_t010,60,40,,,,,80.0,0.1,1.0,1.0,,459678.873439337,366113.5707731446,749.5930916570283,22.691820812500374,10,2
P-ACO,paco_p60_g80_a40_rho005_a10_t010,60,80,,,,,40.0,0.05,1.0,1.0,,430434.9415640233,294952.96373963734,693.0127954440343,44.898835904199224,10,3
P-ACO,paco_p60_g80_a80_rho005_a10_t010,60,80,,,,,80.0,0.05,1.0,1.0,,430434.9415640233,294952.96373963734,693.0127954440343,44.911710066600065,10,4
P-ACO,paco_p30_g40_a80_rho005_a10_t010,30,40,,,,,80.0,0.05,1.0,1.0,,426289.5006530555,336717.5273381454,1128.0926932624357,11.475670237602026,10,5
P-ACO,paco_p30_g40_a40_rho005_a10_t010,30,40,,,,,40.0,0.05,1.0,1.0,,426289.5006530555,336717.5273381454,1128.0926932624357,11.484560937398054,10,6
P-ACO,paco_p30_g80_a80_rho005_a10_t010,30,80,,,,,80.0,0.05,1.0,1.0,,419358.8757923165,230704.75894702045,757.0384850611941,22.73759806239832,10,7
P-ACO,paco_p30_g80_a40_rho005_a10_t010,30,80,,,,,40.0,0.05,1.0,1.0,,419358.8757923165,230704.75894702045,757.0384850611941,22.73976638350141,10,8
P-ACO,paco_p30_g40_a40_rho01_a10_t010,30,40,,,,,40.0,0.1,1.0,1.0,,401115.1778220847,316877.67110772355,1029.315703550417,11.484468370699323,10,9
P-ACO,paco_p30_g40_a80_rho01_a10_t010,30,40,,,,,80.0,0.1,1.0,1.0,,401115.1778220847,316877.67110772355,1029.315703550417,11.497028512500401,10,10
P-ACO,paco_p60_g40_a40_rho005_a10_t010,60,40,,,,,40.0,0.05,1.0,1.0,,374691.0619488748,294833.5003867284,1112.045839919017,22.67455751669913,10,11
P-ACO,paco_p60_g40_a80_rho005_a10_t010,60,40,,,,,80.0,0.05,1.0,1.0,,374691.0619488748,294833.5003867284,1112.045839919017,22.688897041798917,10,12
P-ACO,paco_p60_g80_a40_rho01_a10_t010,60,80,,,,,40.0,0.1,1.0,1.0,,222542.43077858505,106881.19645805558,424.9819199650459,44.98832394180499,10,13
P-ACO,paco_p60_g80_a80_rho01_a10_t010,60,80,,,,,80.0,0.1,1.0,1.0,,222542.43077858505,106881.19645805558,424.9819199650459,45.01875807080214,10,14
P-ACO,paco_p30_g80_a40_rho01_a10_t010,30,80,,,,,40.0,0.1,1.0,1.0,,192136.0640973664,109908.85086609864,597.6724741978895,22.823832337599015,10,15
P-ACO,paco_p30_g80_a80_rho01_a10_t010,30,80,,,,,80.0,0.1,1.0,1.0,,192136.0640973664,109908.85086609864,597.6724741978895,22.830064524999763,10,16
PAES,paes_p1_g800_m01_a40,1,800,0.1,,,,40.0,,,,,474575.35303111933,300600.69008686626,435.83800474699376,1.930952058301773,10,1
PAES,paes_p1_g800_m01_a80,1,800,0.1,,,,80.0,,,,,474575.35303111933,300600.69008686626,435.83800474699376,2.0539515334981844,10,2
PAES,paes_p1_g400_m01_a40,1,400,0.1,,,,40.0,,,,,370062.1043832257,234021.49170101545,763.6429378301525,1.0052256335009588,10,3
PAES,paes_p1_g400_m01_a80,1,400,0.1,,,,80.0,,,,,370062.1043832257,234021.49170101545,763.6429378301525,1.054670595897187,10,4
PAES,paes_p1_g800_m02_a40,1,800,0.2,,,,40.0,,,,,336354.6644193219,282571.2295041614,799.7318462877892,1.8634371540014398,10,5
PAES,paes_p1_g800_m02_a80,1,800,0.2,,,,80.0,,,,,336354.6644193219,282571.2295041614,799.7318462877892,2.051983383303741,10,6
PAES,paes_p1_g400_m005_a40,1,400,0.05,,,,40.0,,,,,322758.411756179,350952.4130610914,611.9261079368368,1.1047932125016815,10,7
PAES,paes_p1_g400_m005_a80,1,400,0.05,,,,80.0,,,,,322758.411756179,350952.4130610914,611.9261079368368,1.1796704125008546,10,8
PAES,paes_p1_g400_m02_a40,1,400,0.2,,,,40.0,,,,,308172.6303858135,238436.92394969563,1046.056365828967,0.9655314667019411,10,9
PAES,paes_p1_g400_m02_a80,1,400,0.2,,,,80.0,,,,,308172.6303858135,238436.92394969563,1046.056365828967,1.0489952999996603,10,10
PAES,paes_p1_g800_m005_a80,1,800,0.05,,,,80.0,,,,,271453.78348892165,242172.9282849917,426.714148509452,2.2665405958978226,10,11
PAES,paes_p1_g800_m005_a40,1,800,0.05,,,,40.0,,,,,217994.1618143098,138355.65368346486,459.54193061332336,2.0921458166019873,10,12
